id;text
1f1bb87f-8f64-48fc-a537-4d24e927b964;Ergonomic USB input
55e468a2-2b70-414f-86c7-af435a5360f1;networks Market
bc45fe91-8d3c-46d6-8565-c3aa2c03d309;Card Executive
a8ecaa16-d903-4db8-aa41-b722ba432316;International Soap
2b431d6e-24f4-46a9-a230-b7fbbf453a2e;Operations programming
323b73e0-baff-47a7-b117-2c4d74aa47e1;USB
d3c50dc3-6179-4518-bc0a-736a34152a37;Wooden fuchsia
f7cd3bd0-2010-45de-ba58-f9a70404ce67;Unions orange
1eb3a84b-fc00-4b83-aea5-88a81241daf6;Borders District bypassing
f33979ef-1043-4075-966a-5d854ba6fbb2;invoice
